"Statistic Label","Year","Sex","Countries","UNIT","VALUE"
"Science, Technology, Engineering and Mathematics graduates","2018","Total Persons","Albania","Number",""
"Science, Technology, Engineering and Mathematics graduates","2018","Total Persons","Austria","Number","22.8"
"Science, Technology, Engineering and Mathematics graduates","2018","Total Persons","Belgium","Number","14"
"Science, Technology, Engineering and Mathematics graduates","2018","Total Persons","Bulgaria","Number","15.2"
"Science, Technology, Engineering and Mathematics graduates","2018","Total Persons","Croatia","Number","19.9"
"Science, Technology, Engineering and Mathematics graduates","2018","Total Persons","Cyprus","Number","10"
"Science, Technology, Engineering and Mathematics graduates","2018","Total Persons","Czechia","Number","16.5"
"Science, Technology, Engineering and Mathematics graduates","2018","Total Persons","Denmark","Number","23.3"
"Science, Technology, Engineering and Mathematics graduates","2018","Total Persons","Estonia","Number","15.7"
"Science, Technology, Engineering and Mathematics graduates","2018","Total Persons","EU 27 Countries (from 2020)","Number","19.7"
"Science, Technology, Engineering and Mathematics graduates","2018","Total Persons","Finland","Number","23.8"
"Science, Technology, Engineering and Mathematics graduates","2018","Total Persons","France","Number","26.5"
"Science, Technology, Engineering and Mathematics graduates","2018","Total Persons","Germany","Number","20.1"
"Science, Technology, Engineering and Mathematics graduates","2018","Total Persons","Greece","Number","17.6"
"Science, Technology, Engineering and Mathematics graduates","2018","Total Persons","Hungary","Number","12.4"
"Science, Technology, Engineering and Mathematics graduates","2018","Total Persons","Iceland","Number","15.2"
"Science, Technology, Engineering and Mathematics graduates","2018","Total Persons","Ireland","Number","35"
"Science, Technology, Engineering and Mathematics graduates","2018","Total Persons","Italy","Number","15.7"
"Science, Technology, Engineering and Mathematics graduates","2018","Total Persons","Latvia","Number","13.8"
"Science, Technology, Engineering and Mathematics graduates","2018","Total Persons","Liechtenstein","Number","7"
"Science, Technology, Engineering and Mathematics graduates","2018","Total Persons","Lithuania","Number","20.5"
"Science, Technology, Engineering and Mathematics graduates","2018","Total Persons","Luxembourg","Number","4"
"Science, Technology, Engineering and Mathematics graduates","2018","Total Persons","Malta","Number","12.4"
"Science, Technology, Engineering and Mathematics graduates","2018","Total Persons","Montenegro","Number",""
"Science, Technology, Engineering and Mathematics graduates","2018","Total Persons","Netherlands","Number","12.8"
"Science, Technology, Engineering and Mathematics graduates","2018","Total Persons","North Macedonia","Number","7.7"
"Science, Technology, Engineering and Mathematics graduates","2018","Total Persons","Norway","Number","16.6"
"Science, Technology, Engineering and Mathematics graduates","2018","Total Persons","Poland","Number","20.9"
"Science, Technology, Engineering and Mathematics graduates","2018","Total Persons","Portugal","Number","20.5"
"Science, Technology, Engineering and Mathematics graduates","2018","Total Persons","Romania","Number","15.9"
"Science, Technology, Engineering and Mathematics graduates","2018","Total Persons","Serbia","Number","15.5"
"Science, Technology, Engineering and Mathematics graduates","2018","Total Persons","Slovakia","Number","13.9"
"Science, Technology, Engineering and Mathematics graduates","2018","Total Persons","Slovenia","Number","20.7"
"Science, Technology, Engineering and Mathematics graduates","2018","Total Persons","Spain","Number","21.5"
"Science, Technology, Engineering and Mathematics graduates","2018","Total Persons","Sweden","Number","14.9"
"Science, Technology, Engineering and Mathematics graduates","2018","Total Persons","Switzerland","Number","21.2"
"Science, Technology, Engineering and Mathematics graduates","2018","Total Persons","Türkiye","Number","13"
"Science, Technology, Engineering and Mathematics graduates","2018","Total Persons","United Kingdom","Number","25.2"
"Science, Technology, Engineering and Mathematics graduates","2018","Male","Albania","Number",""
"Science, Technology, Engineering and Mathematics graduates","2018","Male","Austria","Number","32.7"
"Science, Technology, Engineering and Mathematics graduates","2018","Male","Belgium","Number","20.6"
"Science, Technology, Engineering and Mathematics graduates","2018","Male","Bulgaria","Number","18.6"
"Science, Technology, Engineering and Mathematics graduates","2018","Male","Croatia","Number","24.8"
"Science, Technology, Engineering and Mathematics graduates","2018","Male","Cyprus","Number","12.8"
"Science, Technology, Engineering and Mathematics graduates","2018","Male","Czechia","Number","20.6"
"Science, Technology, Engineering and Mathematics graduates","2018","Male","Denmark","Number","30.8"
"Science, Technology, Engineering and Mathematics graduates","2018","Male","Estonia","Number","18.3"
"Science, Technology, Engineering and Mathematics graduates","2018","Male","EU 27 Countries (from 2020)","Number","25.7"
"Science, Technology, Engineering and Mathematics graduates","2018","Male","Finland","Number","33.7"
"Science, Technology, Engineering and Mathematics graduates","2018","Male","France","Number","36.3"
"Science, Technology, Engineering and Mathematics graduates","2018","Male","Germany","Number","27.8"
"Science, Technology, Engineering and Mathematics graduates","2018","Male","Greece","Number","20.5"
"Science, Technology, Engineering and Mathematics graduates","2018","Male","Hungary","Number","16.5"
"Science, Technology, Engineering and Mathematics graduates","2018","Male","Iceland","Number","18.2"
"Science, Technology, Engineering and Mathematics graduates","2018","Male","Ireland","Number","47"
"Science, Technology, Engineering and Mathematics graduates","2018","Male","Italy","Number","18.6"
"Science, Technology, Engineering and Mathematics graduates","2018","Male","Latvia","Number","18.4"
"Science, Technology, Engineering and Mathematics graduates","2018","Male","Liechtenstein","Number","5.6"
"Science, Technology, Engineering and Mathematics graduates","2018","Male","Lithuania","Number","27.6"
"Science, Technology, Engineering and Mathematics graduates","2018","Male","Luxembourg","Number","6.1"
"Science, Technology, Engineering and Mathematics graduates","2018","Male","Malta","Number","16"
"Science, Technology, Engineering and Mathematics graduates","2018","Male","Montenegro","Number",""
"Science, Technology, Engineering and Mathematics graduates","2018","Male","Netherlands","Number","17.5"
"Science, Technology, Engineering and Mathematics graduates","2018","Male","North Macedonia","Number","7.9"
"Science, Technology, Engineering and Mathematics graduates","2018","Male","Norway","Number","23"
"Science, Technology, Engineering and Mathematics graduates","2018","Male","Poland","Number","23.3"
"Science, Technology, Engineering and Mathematics graduates","2018","Male","Portugal","Number","25.5"
"Science, Technology, Engineering and Mathematics graduates","2018","Male","Romania","Number","17.7"
"Science, Technology, Engineering and Mathematics graduates","2018","Male","Serbia","Number","17.3"
"Science, Technology, Engineering and Mathematics graduates","2018","Male","Slovakia","Number","17.7"
"Science, Technology, Engineering and Mathematics graduates","2018","Male","Slovenia","Number","26.2"
"Science, Technology, Engineering and Mathematics graduates","2018","Male","Spain","Number","30"
"Science, Technology, Engineering and Mathematics graduates","2018","Male","Sweden","Number","18.6"
"Science, Technology, Engineering and Mathematics graduates","2018","Male","Switzerland","Number","32.2"
"Science, Technology, Engineering and Mathematics graduates","2018","Male","Türkiye","Number","17"
"Science, Technology, Engineering and Mathematics graduates","2018","Male","United Kingdom","Number","29.9"
"Science, Technology, Engineering and Mathematics graduates","2018","Female","Albania","Number",""
"Science, Technology, Engineering and Mathematics graduates","2018","Female","Austria","Number","12.4"
"Science, Technology, Engineering and Mathematics graduates","2018","Female","Belgium","Number","7.2"
"Science, Technology, Engineering and Mathematics graduates","2018","Female","Bulgaria","Number","11.5"
"Science, Technology, Engineering and Mathematics graduates","2018","Female","Croatia","Number","14.9"
"Science, Technology, Engineering and Mathematics graduates","2018","Female","Cyprus","Number","7.2"
"Science, Technology, Engineering and Mathematics graduates","2018","Female","Czechia","Number","12.3"
"Science, Technology, Engineering and Mathematics graduates","2018","Female","Denmark","Number","15.4"
"Science, Technology, Engineering and Mathematics graduates","2018","Female","Estonia","Number","12.9"
"Science, Technology, Engineering and Mathematics graduates","2018","Female","EU 27 Countries (from 2020)","Number","13.4"
"Science, Technology, Engineering and Mathematics graduates","2018","Female","Finland","Number","13.4"
"Science, Technology, Engineering and Mathematics graduates","2018","Female","France","Number","16.8"
"Science, Technology, Engineering and Mathematics graduates","2018","Female","Germany","Number","11.8"
"Science, Technology, Engineering and Mathematics graduates","2018","Female","Greece","Number","14.5"
"Science, Technology, Engineering and Mathematics graduates","2018","Female","Hungary","Number","8"
"Science, Technology, Engineering and Mathematics graduates","2018","Female","Iceland","Number","11.9"
"Science, Technology, Engineering and Mathematics graduates","2018","Female","Ireland","Number","22.9"
"Science, Technology, Engineering and Mathematics graduates","2018","Female","Italy","Number","12.6"
"Science, Technology, Engineering and Mathematics graduates","2018","Female","Latvia","Number","8.9"
"Science, Technology, Engineering and Mathematics graduates","2018","Female","Liechtenstein","Number","8.6"
"Science, Technology, Engineering and Mathematics graduates","2018","Female","Lithuania","Number","13.2"
"Science, Technology, Engineering and Mathematics graduates","2018","Female","Luxembourg","Number","1.8"
"Science, Technology, Engineering and Mathematics graduates","2018","Female","Malta","Number","8.4"
"Science, Technology, Engineering and Mathematics graduates","2018","Female","Montenegro","Number",""
"Science, Technology, Engineering and Mathematics graduates","2018","Female","Netherlands","Number","8"
"Science, Technology, Engineering and Mathematics graduates","2018","Female","North Macedonia","Number","7.5"
"Science, Technology, Engineering and Mathematics graduates","2018","Female","Norway","Number","9.9"
"Science, Technology, Engineering and Mathematics graduates","2018","Female","Poland","Number","18.5"
"Science, Technology, Engineering and Mathematics graduates","2018","Female","Portugal","Number","15.5"
"Science, Technology, Engineering and Mathematics graduates","2018","Female","Romania","Number","13.9"
"Science, Technology, Engineering and Mathematics graduates","2018","Female","Serbia","Number","13.5"
"Science, Technology, Engineering and Mathematics graduates","2018","Female","Slovakia","Number","9.9"
"Science, Technology, Engineering and Mathematics graduates","2018","Female","Slovenia","Number","14.8"
"Science, Technology, Engineering and Mathematics graduates","2018","Female","Spain","Number","12.6"
"Science, Technology, Engineering and Mathematics graduates","2018","Female","Sweden","Number","11"
"Science, Technology, Engineering and Mathematics graduates","2018","Female","Switzerland","Number","9.9"
"Science, Technology, Engineering and Mathematics graduates","2018","Female","Türkiye","Number","8.7"
"Science, Technology, Engineering and Mathematics graduates","2018","Female","United Kingdom","Number","20.2"
"Science, Technology, Engineering and Mathematics graduates","2019","Total Persons","Albania","Number",""
"Science, Technology, Engineering and Mathematics graduates","2019","Total Persons","Austria","Number","23.4"
"Science, Technology, Engineering and Mathematics graduates","2019","Total Persons","Belgium","Number","14.2"
"Science, Technology, Engineering and Mathematics graduates","2019","Total Persons","Bulgaria","Number","15.8"
"Science, Technology, Engineering and Mathematics graduates","2019","Total Persons","Croatia","Number","21.4"
"Science, Technology, Engineering and Mathematics graduates","2019","Total Persons","Cyprus","Number","10.2"
"Science, Technology, Engineering and Mathematics graduates","2019","Total Persons","Czechia","Number","16.1"
"Science, Technology, Engineering and Mathematics graduates","2019","Total Persons","Denmark","Number","23.7"
"Science, Technology, Engineering and Mathematics graduates","2019","Total Persons","Estonia","Number","16.5"
"Science, Technology, Engineering and Mathematics graduates","2019","Total Persons","EU 27 Countries (from 2020)","Number","20.8"
"Science, Technology, Engineering and Mathematics graduates","2019","Total Persons","Finland","Number","24.8"
"Science, Technology, Engineering and Mathematics graduates","2019","Total Persons","France","Number","27.3"
"Science, Technology, Engineering and Mathematics graduates","2019","Total Persons","Germany","Number","24.4"
"Science, Technology, Engineering and Mathematics graduates","2019","Total Persons","Greece","Number","17.2"
"Science, Technology, Engineering and Mathematics graduates","2019","Total Persons","Hungary","Number","12.5"
"Science, Technology, Engineering and Mathematics graduates","2019","Total Persons","Iceland","Number","15.9"
"Science, Technology, Engineering and Mathematics graduates","2019","Total Persons","Ireland","Number","36.6"
"Science, Technology, Engineering and Mathematics graduates","2019","Total Persons","Italy","Number","16.6"
"Science, Technology, Engineering and Mathematics graduates","2019","Total Persons","Latvia","Number","14"
"Science, Technology, Engineering and Mathematics graduates","2019","Total Persons","Liechtenstein","Number","9"
"Science, Technology, Engineering and Mathematics graduates","2019","Total Persons","Lithuania","Number","20.4"
"Science, Technology, Engineering and Mathematics graduates","2019","Total Persons","Luxembourg","Number","3.9"
"Science, Technology, Engineering and Mathematics graduates","2019","Total Persons","Malta","Number","11.5"
"Science, Technology, Engineering and Mathematics graduates","2019","Total Persons","Montenegro","Number",""
"Science, Technology, Engineering and Mathematics graduates","2019","Total Persons","Netherlands","Number","13.6"
"Science, Technology, Engineering and Mathematics graduates","2019","Total Persons","North Macedonia","Number","8.4"
"Science, Technology, Engineering and Mathematics graduates","2019","Total Persons","Norway","Number","16.5"
"Science, Technology, Engineering and Mathematics graduates","2019","Total Persons","Poland","Number","20.1"
"Science, Technology, Engineering and Mathematics graduates","2019","Total Persons","Portugal","Number","21"
"Science, Technology, Engineering and Mathematics graduates","2019","Total Persons","Romania","Number","17.5"
"Science, Technology, Engineering and Mathematics graduates","2019","Total Persons","Serbia","Number","16"
"Science, Technology, Engineering and Mathematics graduates","2019","Total Persons","Slovakia","Number","12.9"
"Science, Technology, Engineering and Mathematics graduates","2019","Total Persons","Slovenia","Number","20.8"
"Science, Technology, Engineering and Mathematics graduates","2019","Total Persons","Spain","Number","20.9"
"Science, Technology, Engineering and Mathematics graduates","2019","Total Persons","Sweden","Number","15.8"
"Science, Technology, Engineering and Mathematics graduates","2019","Total Persons","Switzerland","Number","22"
"Science, Technology, Engineering and Mathematics graduates","2019","Total Persons","Türkiye","Number","12.8"
"Science, Technology, Engineering and Mathematics graduates","2019","Total Persons","United Kingdom","Number","26.2"
"Science, Technology, Engineering and Mathematics graduates","2019","Male","Albania","Number",""
"Science, Technology, Engineering and Mathematics graduates","2019","Male","Austria","Number","33.3"
"Science, Technology, Engineering and Mathematics graduates","2019","Male","Belgium","Number","20.7"
"Science, Technology, Engineering and Mathematics graduates","2019","Male","Bulgaria","Number","19.8"
"Science, Technology, Engineering and Mathematics graduates","2019","Male","Croatia","Number","26.8"
"Science, Technology, Engineering and Mathematics graduates","2019","Male","Cyprus","Number","13.5"
"Science, Technology, Engineering and Mathematics graduates","2019","Male","Czechia","Number","19.8"
"Science, Technology, Engineering and Mathematics graduates","2019","Male","Denmark","Number","30.8"
"Science, Technology, Engineering and Mathematics graduates","2019","Male","Estonia","Number","19"
"Science, Technology, Engineering and Mathematics graduates","2019","Male","EU 27 Countries (from 2020)","Number","27.5"
"Science, Technology, Engineering and Mathematics graduates","2019","Male","Finland","Number","35.1"
"Science, Technology, Engineering and Mathematics graduates","2019","Male","France","Number","37.4"
"Science, Technology, Engineering and Mathematics graduates","2019","Male","Germany","Number","34.7"
"Science, Technology, Engineering and Mathematics graduates","2019","Male","Greece","Number","19.7"
"Science, Technology, Engineering and Mathematics graduates","2019","Male","Hungary","Number","17.1"
"Science, Technology, Engineering and Mathematics graduates","2019","Male","Iceland","Number","17.6"
"Science, Technology, Engineering and Mathematics graduates","2019","Male","Ireland","Number","49.1"
"Science, Technology, Engineering and Mathematics graduates","2019","Male","Italy","Number","19.6"
"Science, Technology, Engineering and Mathematics graduates","2019","Male","Latvia","Number","18.7"
"Science, Technology, Engineering and Mathematics graduates","2019","Male","Liechtenstein","Number","7.4"
"Science, Technology, Engineering and Mathematics graduates","2019","Male","Lithuania","Number","28"
"Science, Technology, Engineering and Mathematics graduates","2019","Male","Luxembourg","Number","5.7"
"Science, Technology, Engineering and Mathematics graduates","2019","Male","Malta","Number","15.2"
"Science, Technology, Engineering and Mathematics graduates","2019","Male","Montenegro","Number",""
"Science, Technology, Engineering and Mathematics graduates","2019","Male","Netherlands","Number","18.6"
"Science, Technology, Engineering and Mathematics graduates","2019","Male","North Macedonia","Number","8.6"
"Science, Technology, Engineering and Mathematics graduates","2019","Male","Norway","Number","23"
"Science, Technology, Engineering and Mathematics graduates","2019","Male","Poland","Number","22.6"
"Science, Technology, Engineering and Mathematics graduates","2019","Male","Portugal","Number","26.3"
"Science, Technology, Engineering and Mathematics graduates","2019","Male","Romania","Number","19.3"
"Science, Technology, Engineering and Mathematics graduates","2019","Male","Serbia","Number","18"
"Science, Technology, Engineering and Mathematics graduates","2019","Male","Slovakia","Number","16.6"
"Science, Technology, Engineering and Mathematics graduates","2019","Male","Slovenia","Number","26.6"
"Science, Technology, Engineering and Mathematics graduates","2019","Male","Spain","Number","29.6"
"Science, Technology, Engineering and Mathematics graduates","2019","Male","Sweden","Number","19.6"
"Science, Technology, Engineering and Mathematics graduates","2019","Male","Switzerland","Number","33.1"
"Science, Technology, Engineering and Mathematics graduates","2019","Male","Türkiye","Number","16.4"
"Science, Technology, Engineering and Mathematics graduates","2019","Male","United Kingdom","Number","30.5"
"Science, Technology, Engineering and Mathematics graduates","2019","Female","Albania","Number",""
"Science, Technology, Engineering and Mathematics graduates","2019","Female","Austria","Number","13"
"Science, Technology, Engineering and Mathematics graduates","2019","Female","Belgium","Number","7.5"
"Science, Technology, Engineering and Mathematics graduates","2019","Female","Bulgaria","Number","11.6"
"Science, Technology, Engineering and Mathematics graduates","2019","Female","Croatia","Number","15.8"
"Science, Technology, Engineering and Mathematics graduates","2019","Female","Cyprus","Number","7.2"
"Science, Technology, Engineering and Mathematics graduates","2019","Female","Czechia","Number","12.2"
"Science, Technology, Engineering and Mathematics graduates","2019","Female","Denmark","Number","16.4"
"Science, Technology, Engineering and Mathematics graduates","2019","Female","Estonia","Number","13.8"
"Science, Technology, Engineering and Mathematics graduates","2019","Female","EU 27 Countries (from 2020)","Number","13.8"
"Science, Technology, Engineering and Mathematics graduates","2019","Female","Finland","Number","13.9"
"Science, Technology, Engineering and Mathematics graduates","2019","Female","France","Number","17.2"
"Science, Technology, Engineering and Mathematics graduates","2019","Female","Germany","Number","13.2"
"Science, Technology, Engineering and Mathematics graduates","2019","Female","Greece","Number","14.6"
"Science, Technology, Engineering and Mathematics graduates","2019","Female","Hungary","Number","7.6"
"Science, Technology, Engineering and Mathematics graduates","2019","Female","Iceland","Number","14"
"Science, Technology, Engineering and Mathematics graduates","2019","Female","Ireland","Number","23.7"
"Science, Technology, Engineering and Mathematics graduates","2019","Female","Italy","Number","13.4"
"Science, Technology, Engineering and Mathematics graduates","2019","Female","Latvia","Number","9"
"Science, Technology, Engineering and Mathematics graduates","2019","Female","Liechtenstein","Number","10.7"
"Science, Technology, Engineering and Mathematics graduates","2019","Female","Lithuania","Number","12.6"
"Science, Technology, Engineering and Mathematics graduates","2019","Female","Luxembourg","Number","2"
"Science, Technology, Engineering and Mathematics graduates","2019","Female","Malta","Number","7.2"
"Science, Technology, Engineering and Mathematics graduates","2019","Female","Montenegro","Number",""
"Science, Technology, Engineering and Mathematics graduates","2019","Female","Netherlands","Number","8.4"
"Science, Technology, Engineering and Mathematics graduates","2019","Female","North Macedonia","Number","8.3"
"Science, Technology, Engineering and Mathematics graduates","2019","Female","Norway","Number","9.7"
"Science, Technology, Engineering and Mathematics graduates","2019","Female","Poland","Number","17.4"
"Science, Technology, Engineering and Mathematics graduates","2019","Female","Portugal","Number","15.5"
"Science, Technology, Engineering and Mathematics graduates","2019","Female","Romania","Number","15.5"
"Science, Technology, Engineering and Mathematics graduates","2019","Female","Serbia","Number","13.8"
"Science, Technology, Engineering and Mathematics graduates","2019","Female","Slovakia","Number","9"
"Science, Technology, Engineering and Mathematics graduates","2019","Female","Slovenia","Number","14.3"
"Science, Technology, Engineering and Mathematics graduates","2019","Female","Spain","Number","11.9"
"Science, Technology, Engineering and Mathematics graduates","2019","Female","Sweden","Number","11.7"
"Science, Technology, Engineering and Mathematics graduates","2019","Female","Switzerland","Number","10.5"
"Science, Technology, Engineering and Mathematics graduates","2019","Female","Türkiye","Number","9"
"Science, Technology, Engineering and Mathematics graduates","2019","Female","United Kingdom","Number","21.6"
"Science, Technology, Engineering and Mathematics graduates","2020","Total Persons","Albania","Number",""
"Science, Technology, Engineering and Mathematics graduates","2020","Total Persons","Austria","Number","24.4"
"Science, Technology, Engineering and Mathematics graduates","2020","Total Persons","Belgium","Number","15.7"
"Science, Technology, Engineering and Mathematics graduates","2020","Total Persons","Bulgaria","Number","15"
"Science, Technology, Engineering and Mathematics graduates","2020","Total Persons","Croatia","Number","22.4"
"Science, Technology, Engineering and Mathematics graduates","2020","Total Persons","Cyprus","Number","9.8"
"Science, Technology, Engineering and Mathematics graduates","2020","Total Persons","Czechia","Number","16"
"Science, Technology, Engineering and Mathematics graduates","2020","Total Persons","Denmark","Number","23.9"
"Science, Technology, Engineering and Mathematics graduates","2020","Total Persons","Estonia","Number","17.3"
"Science, Technology, Engineering and Mathematics graduates","2020","Total Persons","EU 27 Countries (from 2020)","Number","21"
"Science, Technology, Engineering and Mathematics graduates","2020","Total Persons","Finland","Number","26.5"
"Science, Technology, Engineering and Mathematics graduates","2020","Total Persons","France","Number","29"
"Science, Technology, Engineering and Mathematics graduates","2020","Total Persons","Germany","Number","22.3"
"Science, Technology, Engineering and Mathematics graduates","2020","Total Persons","Greece","Number","16.8"
"Science, Technology, Engineering and Mathematics graduates","2020","Total Persons","Hungary","Number","24.1"
"Science, Technology, Engineering and Mathematics graduates","2020","Total Persons","Iceland","Number","14.6"
"Science, Technology, Engineering and Mathematics graduates","2020","Total Persons","Ireland","Number","39.4"
"Science, Technology, Engineering and Mathematics graduates","2020","Total Persons","Italy","Number","16.9"
"Science, Technology, Engineering and Mathematics graduates","2020","Total Persons","Latvia","Number","14.1"
"Science, Technology, Engineering and Mathematics graduates","2020","Total Persons","Liechtenstein","Number","13.8"
"Science, Technology, Engineering and Mathematics graduates","2020","Total Persons","Lithuania","Number","19.5"
"Science, Technology, Engineering and Mathematics graduates","2020","Total Persons","Luxembourg","Number","4.2"
"Science, Technology, Engineering and Mathematics graduates","2020","Total Persons","Malta","Number","10.4"
"Science, Technology, Engineering and Mathematics graduates","2020","Total Persons","Montenegro","Number",""
"Science, Technology, Engineering and Mathematics graduates","2020","Total Persons","Netherlands","Number","13.8"
"Science, Technology, Engineering and Mathematics graduates","2020","Total Persons","North Macedonia","Number","6.4"
"Science, Technology, Engineering and Mathematics graduates","2020","Total Persons","Norway","Number","16.8"
"Science, Technology, Engineering and Mathematics graduates","2020","Total Persons","Poland","Number","17.7"
"Science, Technology, Engineering and Mathematics graduates","2020","Total Persons","Portugal","Number","21.8"
"Science, Technology, Engineering and Mathematics graduates","2020","Total Persons","Romania","Number","18.4"
"Science, Technology, Engineering and Mathematics graduates","2020","Total Persons","Serbia","Number","16.5"
"Science, Technology, Engineering and Mathematics graduates","2020","Total Persons","Slovakia","Number","13"
"Science, Technology, Engineering and Mathematics graduates","2020","Total Persons","Slovenia","Number","20.5"
"Science, Technology, Engineering and Mathematics graduates","2020","Total Persons","Spain","Number","20.9"
"Science, Technology, Engineering and Mathematics graduates","2020","Total Persons","Sweden","Number","17.2"
"Science, Technology, Engineering and Mathematics graduates","2020","Total Persons","Switzerland","Number","21.8"
"Science, Technology, Engineering and Mathematics graduates","2020","Total Persons","Türkiye","Number","13"
"Science, Technology, Engineering and Mathematics graduates","2020","Total Persons","United Kingdom","Number",""
"Science, Technology, Engineering and Mathematics graduates","2020","Male","Albania","Number",""
"Science, Technology, Engineering and Mathematics graduates","2020","Male","Austria","Number","35"
"Science, Technology, Engineering and Mathematics graduates","2020","Male","Belgium","Number","22.8"
"Science, Technology, Engineering and Mathematics graduates","2020","Male","Bulgaria","Number","18.6"
"Science, Technology, Engineering and Mathematics graduates","2020","Male","Croatia","Number","27.1"
"Science, Technology, Engineering and Mathematics graduates","2020","Male","Cyprus","Number","13.3"
"Science, Technology, Engineering and Mathematics graduates","2020","Male","Czechia","Number","19.7"
"Science, Technology, Engineering and Mathematics graduates","2020","Male","Denmark","Number","31.5"
"Science, Technology, Engineering and Mathematics graduates","2020","Male","Estonia","Number","19.5"
"Science, Technology, Engineering and Mathematics graduates","2020","Male","EU 27 Countries (from 2020)","Number","27.6"
"Science, Technology, Engineering and Mathematics graduates","2020","Male","Finland","Number","36.3"
"Science, Technology, Engineering and Mathematics graduates","2020","Male","France","Number","39.7"
"Science, Technology, Engineering and Mathematics graduates","2020","Male","Germany","Number","31.3"
"Science, Technology, Engineering and Mathematics graduates","2020","Male","Greece","Number","19"
"Science, Technology, Engineering and Mathematics graduates","2020","Male","Hungary","Number","33.2"
"Science, Technology, Engineering and Mathematics graduates","2020","Male","Iceland","Number","17.2"
"Science, Technology, Engineering and Mathematics graduates","2020","Male","Ireland","Number","52.9"
"Science, Technology, Engineering and Mathematics graduates","2020","Male","Italy","Number","19.9"
"Science, Technology, Engineering and Mathematics graduates","2020","Male","Latvia","Number","18.7"
"Science, Technology, Engineering and Mathematics graduates","2020","Male","Liechtenstein","Number","12.9"
"Science, Technology, Engineering and Mathematics graduates","2020","Male","Lithuania","Number","26.4"
"Science, Technology, Engineering and Mathematics graduates","2020","Male","Luxembourg","Number","5.7"
"Science, Technology, Engineering and Mathematics graduates","2020","Male","Malta","Number","13.4"
"Science, Technology, Engineering and Mathematics graduates","2020","Male","Montenegro","Number",""
"Science, Technology, Engineering and Mathematics graduates","2020","Male","Netherlands","Number","18.6"
"Science, Technology, Engineering and Mathematics graduates","2020","Male","North Macedonia","Number","6.2"
"Science, Technology, Engineering and Mathematics graduates","2020","Male","Norway","Number","23.3"
"Science, Technology, Engineering and Mathematics graduates","2020","Male","Poland","Number","20.1"
"Science, Technology, Engineering and Mathematics graduates","2020","Male","Portugal","Number","27.6"
"Science, Technology, Engineering and Mathematics graduates","2020","Male","Romania","Number","20.8"
"Science, Technology, Engineering and Mathematics graduates","2020","Male","Serbia","Number","18.2"
"Science, Technology, Engineering and Mathematics graduates","2020","Male","Slovakia","Number","16.7"
"Science, Technology, Engineering and Mathematics graduates","2020","Male","Slovenia","Number","25.7"
"Science, Technology, Engineering and Mathematics graduates","2020","Male","Spain","Number","29.2"
"Science, Technology, Engineering and Mathematics graduates","2020","Male","Sweden","Number","20.8"
"Science, Technology, Engineering and Mathematics graduates","2020","Male","Switzerland","Number","32"
"Science, Technology, Engineering and Mathematics graduates","2020","Male","Türkiye","Number","17.3"
"Science, Technology, Engineering and Mathematics graduates","2020","Male","United Kingdom","Number",""
"Science, Technology, Engineering and Mathematics graduates","2020","Female","Albania","Number",""
"Science, Technology, Engineering and Mathematics graduates","2020","Female","Austria","Number","13.2"
"Science, Technology, Engineering and Mathematics graduates","2020","Female","Belgium","Number","8.4"
"Science, Technology, Engineering and Mathematics graduates","2020","Female","Bulgaria","Number","11.2"
"Science, Technology, Engineering and Mathematics graduates","2020","Female","Croatia","Number","17.6"
"Science, Technology, Engineering and Mathematics graduates","2020","Female","Cyprus","Number","6.6"
"Science, Technology, Engineering and Mathematics graduates","2020","Female","Czechia","Number","12"
"Science, Technology, Engineering and Mathematics graduates","2020","Female","Denmark","Number","16"
"Science, Technology, Engineering and Mathematics graduates","2020","Female","Estonia","Number","14.9"
"Science, Technology, Engineering and Mathematics graduates","2020","Female","EU 27 Countries (from 2020)","Number","14"
"Science, Technology, Engineering and Mathematics graduates","2020","Female","Finland","Number","16.2"
"Science, Technology, Engineering and Mathematics graduates","2020","Female","France","Number","18.2"
"Science, Technology, Engineering and Mathematics graduates","2020","Female","Germany","Number","12.5"
"Science, Technology, Engineering and Mathematics graduates","2020","Female","Greece","Number","14.5"
"Science, Technology, Engineering and Mathematics graduates","2020","Female","Hungary","Number","14.3"
"Science, Technology, Engineering and Mathematics graduates","2020","Female","Iceland","Number","11.7"
"Science, Technology, Engineering and Mathematics graduates","2020","Female","Ireland","Number","25.7"
"Science, Technology, Engineering and Mathematics graduates","2020","Female","Italy","Number","13.6"
"Science, Technology, Engineering and Mathematics graduates","2020","Female","Latvia","Number","9"
"Science, Technology, Engineering and Mathematics graduates","2020","Female","Liechtenstein","Number","14.6"
"Science, Technology, Engineering and Mathematics graduates","2020","Female","Lithuania","Number","12.2"
"Science, Technology, Engineering and Mathematics graduates","2020","Female","Luxembourg","Number","2.6"
"Science, Technology, Engineering and Mathematics graduates","2020","Female","Malta","Number","6.7"
"Science, Technology, Engineering and Mathematics graduates","2020","Female","Montenegro","Number",""
"Science, Technology, Engineering and Mathematics graduates","2020","Female","Netherlands","Number","8.8"
"Science, Technology, Engineering and Mathematics graduates","2020","Female","North Macedonia","Number","6.6"
"Science, Technology, Engineering and Mathematics graduates","2020","Female","Norway","Number","10"
"Science, Technology, Engineering and Mathematics graduates","2020","Female","Poland","Number","15.2"
"Science, Technology, Engineering and Mathematics graduates","2020","Female","Portugal","Number","15.9"
"Science, Technology, Engineering and Mathematics graduates","2020","Female","Romania","Number","15.9"
"Science, Technology, Engineering and Mathematics graduates","2020","Female","Serbia","Number","14.6"
"Science, Technology, Engineering and Mathematics graduates","2020","Female","Slovakia","Number","9.1"
"Science, Technology, Engineering and Mathematics graduates","2020","Female","Slovenia","Number","14.5"
"Science, Technology, Engineering and Mathematics graduates","2020","Female","Spain","Number","12.4"
"Science, Technology, Engineering and Mathematics graduates","2020","Female","Sweden","Number","13.3"
"Science, Technology, Engineering and Mathematics graduates","2020","Female","Switzerland","Number","11"
"Science, Technology, Engineering and Mathematics graduates","2020","Female","Türkiye","Number","8.5"
"Science, Technology, Engineering and Mathematics graduates","2020","Female","United Kingdom","Number",""
"Science, Technology, Engineering and Mathematics graduates","2021","Total Persons","Albania","Number","13.4"
"Science, Technology, Engineering and Mathematics graduates","2021","Total Persons","Austria","Number","25"
"Science, Technology, Engineering and Mathematics graduates","2021","Total Persons","Belgium","Number","16.4"
"Science, Technology, Engineering and Mathematics graduates","2021","Total Persons","Bulgaria","Number","16.5"
"Science, Technology, Engineering and Mathematics graduates","2021","Total Persons","Croatia","Number","22.6"
"Science, Technology, Engineering and Mathematics graduates","2021","Total Persons","Cyprus","Number","10.5"
"Science, Technology, Engineering and Mathematics graduates","2021","Total Persons","Czechia","Number","16"
"Science, Technology, Engineering and Mathematics graduates","2021","Total Persons","Denmark","Number","26.1"
"Science, Technology, Engineering and Mathematics graduates","2021","Total Persons","Estonia","Number","19.6"
"Science, Technology, Engineering and Mathematics graduates","2021","Total Persons","EU 27 Countries (from 2020)","Number","22.1"
"Science, Technology, Engineering and Mathematics graduates","2021","Total Persons","Finland","Number","25.6"
"Science, Technology, Engineering and Mathematics graduates","2021","Total Persons","France","Number","29.6"
"Science, Technology, Engineering and Mathematics graduates","2021","Total Persons","Germany","Number","24"
"Science, Technology, Engineering and Mathematics graduates","2021","Total Persons","Greece","Number","20.1"
"Science, Technology, Engineering and Mathematics graduates","2021","Total Persons","Hungary","Number","13.8"
"Science, Technology, Engineering and Mathematics graduates","2021","Total Persons","Iceland","Number","16"
"Science, Technology, Engineering and Mathematics graduates","2021","Total Persons","Ireland","Number","40"
"Science, Technology, Engineering and Mathematics graduates","2021","Total Persons","Italy","Number","18.3"
"Science, Technology, Engineering and Mathematics graduates","2021","Total Persons","Latvia","Number","15.1"
"Science, Technology, Engineering and Mathematics graduates","2021","Total Persons","Liechtenstein","Number","18.5"
"Science, Technology, Engineering and Mathematics graduates","2021","Total Persons","Lithuania","Number","19.5"
"Science, Technology, Engineering and Mathematics graduates","2021","Total Persons","Luxembourg","Number","4.9"
"Science, Technology, Engineering and Mathematics graduates","2021","Total Persons","Malta","Number","11.5"
"Science, Technology, Engineering and Mathematics graduates","2021","Total Persons","Montenegro","Number","12.4"
"Science, Technology, Engineering and Mathematics graduates","2021","Total Persons","Netherlands","Number","15.5"
"Science, Technology, Engineering and Mathematics graduates","2021","Total Persons","North Macedonia","Number","7.4"
"Science, Technology, Engineering and Mathematics graduates","2021","Total Persons","Norway","Number","19.3"
"Science, Technology, Engineering and Mathematics graduates","2021","Total Persons","Poland","Number","18.8"
"Science, Technology, Engineering and Mathematics graduates","2021","Total Persons","Portugal","Number","22.9"
"Science, Technology, Engineering and Mathematics graduates","2021","Total Persons","Romania","Number","19.1"
"Science, Technology, Engineering and Mathematics graduates","2021","Total Persons","Serbia","Number","16.2"
"Science, Technology, Engineering and Mathematics graduates","2021","Total Persons","Slovakia","Number","13.2"
"Science, Technology, Engineering and Mathematics graduates","2021","Total Persons","Slovenia","Number","21.6"
"Science, Technology, Engineering and Mathematics graduates","2021","Total Persons","Spain","Number","23.4"
"Science, Technology, Engineering and Mathematics graduates","2021","Total Persons","Sweden","Number","19.2"
"Science, Technology, Engineering and Mathematics graduates","2021","Total Persons","Switzerland","Number","23.7"
"Science, Technology, Engineering and Mathematics graduates","2021","Total Persons","Türkiye","Number","14.2"
"Science, Technology, Engineering and Mathematics graduates","2021","Total Persons","United Kingdom","Number",""
"Science, Technology, Engineering and Mathematics graduates","2021","Male","Albania","Number","15.2"
"Science, Technology, Engineering and Mathematics graduates","2021","Male","Austria","Number","35.1"
"Science, Technology, Engineering and Mathematics graduates","2021","Male","Belgium","Number","23.5"
"Science, Technology, Engineering and Mathematics graduates","2021","Male","Bulgaria","Number","20.3"
"Science, Technology, Engineering and Mathematics graduates","2021","Male","Croatia","Number","27.5"
"Science, Technology, Engineering and Mathematics graduates","2021","Male","Cyprus","Number","14.5"
"Science, Technology, Engineering and Mathematics graduates","2021","Male","Czechia","Number","19.6"
"Science, Technology, Engineering and Mathematics graduates","2021","Male","Denmark","Number","33.6"
"Science, Technology, Engineering and Mathematics graduates","2021","Male","Estonia","Number","23.6"
"Science, Technology, Engineering and Mathematics graduates","2021","Male","EU 27 Countries (from 2020)","Number","28.9"
"Science, Technology, Engineering and Mathematics graduates","2021","Male","Finland","Number","34.6"
"Science, Technology, Engineering and Mathematics graduates","2021","Male","France","Number","40.1"
"Science, Technology, Engineering and Mathematics graduates","2021","Male","Germany","Number","33.2"
"Science, Technology, Engineering and Mathematics graduates","2021","Male","Greece","Number","22.7"
"Science, Technology, Engineering and Mathematics graduates","2021","Male","Hungary","Number","19"
"Science, Technology, Engineering and Mathematics graduates","2021","Male","Iceland","Number","17.5"
"Science, Technology, Engineering and Mathematics graduates","2021","Male","Ireland","Number","52.7"
"Science, Technology, Engineering and Mathematics graduates","2021","Male","Italy","Number","21.5"
"Science, Technology, Engineering and Mathematics graduates","2021","Male","Latvia","Number","19.8"
"Science, Technology, Engineering and Mathematics graduates","2021","Male","Liechtenstein","Number","14.6"
"Science, Technology, Engineering and Mathematics graduates","2021","Male","Lithuania","Number","26.7"
"Science, Technology, Engineering and Mathematics graduates","2021","Male","Luxembourg","Number","6.5"
"Science, Technology, Engineering and Mathematics graduates","2021","Male","Malta","Number","14.8"
"Science, Technology, Engineering and Mathematics graduates","2021","Male","Montenegro","Number","12.6"
"Science, Technology, Engineering and Mathematics graduates","2021","Male","Netherlands","Number","20.8"
"Science, Technology, Engineering and Mathematics graduates","2021","Male","North Macedonia","Number","7.4"
"Science, Technology, Engineering and Mathematics graduates","2021","Male","Norway","Number","26.6"
"Science, Technology, Engineering and Mathematics graduates","2021","Male","Poland","Number","21.4"
"Science, Technology, Engineering and Mathematics graduates","2021","Male","Portugal","Number","28.1"
"Science, Technology, Engineering and Mathematics graduates","2021","Male","Romania","Number","21.3"
"Science, Technology, Engineering and Mathematics graduates","2021","Male","Serbia","Number","17.6"
"Science, Technology, Engineering and Mathematics graduates","2021","Male","Slovakia","Number","17.3"
"Science, Technology, Engineering and Mathematics graduates","2021","Male","Slovenia","Number","27.5"
"Science, Technology, Engineering and Mathematics graduates","2021","Male","Spain","Number","33.2"
"Science, Technology, Engineering and Mathematics graduates","2021","Male","Sweden","Number","23.3"
"Science, Technology, Engineering and Mathematics graduates","2021","Male","Switzerland","Number","35"
"Science, Technology, Engineering and Mathematics graduates","2021","Male","Türkiye","Number","18.8"
"Science, Technology, Engineering and Mathematics graduates","2021","Male","United Kingdom","Number",""
"Science, Technology, Engineering and Mathematics graduates","2021","Female","Albania","Number","11.5"
"Science, Technology, Engineering and Mathematics graduates","2021","Female","Austria","Number","14.4"
"Science, Technology, Engineering and Mathematics graduates","2021","Female","Belgium","Number","9.1"
"Science, Technology, Engineering and Mathematics graduates","2021","Female","Bulgaria","Number","12.5"
"Science, Technology, Engineering and Mathematics graduates","2021","Female","Croatia","Number","17.5"
"Science, Technology, Engineering and Mathematics graduates","2021","Female","Cyprus","Number","6.7"
"Science, Technology, Engineering and Mathematics graduates","2021","Female","Czechia","Number","12.1"
"Science, Technology, Engineering and Mathematics graduates","2021","Female","Denmark","Number","18.3"
"Science, Technology, Engineering and Mathematics graduates","2021","Female","Estonia","Number","15.2"
"Science, Technology, Engineering and Mathematics graduates","2021","Female","EU 27 Countries (from 2020)","Number","14.9"
"Science, Technology, Engineering and Mathematics graduates","2021","Female","Finland","Number","15.9"
"Science, Technology, Engineering and Mathematics graduates","2021","Female","France","Number","19"
"Science, Technology, Engineering and Mathematics graduates","2021","Female","Germany","Number","13.9"
"Science, Technology, Engineering and Mathematics graduates","2021","Female","Greece","Number","17.1"
"Science, Technology, Engineering and Mathematics graduates","2021","Female","Hungary","Number","8.2"
"Science, Technology, Engineering and Mathematics graduates","2021","Female","Iceland","Number","14.4"
"Science, Technology, Engineering and Mathematics graduates","2021","Female","Ireland","Number","27.1"
"Science, Technology, Engineering and Mathematics graduates","2021","Female","Italy","Number","14.8"
"Science, Technology, Engineering and Mathematics graduates","2021","Female","Latvia","Number","9.9"
"Science, Technology, Engineering and Mathematics graduates","2021","Female","Liechtenstein","Number","22.4"
"Science, Technology, Engineering and Mathematics graduates","2021","Female","Lithuania","Number","11.9"
"Science, Technology, Engineering and Mathematics graduates","2021","Female","Luxembourg","Number","3.1"
"Science, Technology, Engineering and Mathematics graduates","2021","Female","Malta","Number","7.4"
"Science, Technology, Engineering and Mathematics graduates","2021","Female","Montenegro","Number","12.1"
"Science, Technology, Engineering and Mathematics graduates","2021","Female","Netherlands","Number","10.1"
"Science, Technology, Engineering and Mathematics graduates","2021","Female","North Macedonia","Number","7.3"
"Science, Technology, Engineering and Mathematics graduates","2021","Female","Norway","Number","11.5"
"Science, Technology, Engineering and Mathematics graduates","2021","Female","Poland","Number","15.9"
"Science, Technology, Engineering and Mathematics graduates","2021","Female","Portugal","Number","17.5"
"Science, Technology, Engineering and Mathematics graduates","2021","Female","Romania","Number","16.8"
"Science, Technology, Engineering and Mathematics graduates","2021","Female","Serbia","Number","14.8"
"Science, Technology, Engineering and Mathematics graduates","2021","Female","Slovakia","Number","8.9"
"Science, Technology, Engineering and Mathematics graduates","2021","Female","Slovenia","Number","14.8"
"Science, Technology, Engineering and Mathematics graduates","2021","Female","Spain","Number","13.2"
"Science, Technology, Engineering and Mathematics graduates","2021","Female","Sweden","Number","14.8"
"Science, Technology, Engineering and Mathematics graduates","2021","Female","Switzerland","Number","11.8"
"Science, Technology, Engineering and Mathematics graduates","2021","Female","Türkiye","Number","9.3"
"Science, Technology, Engineering and Mathematics graduates","2021","Female","United Kingdom","Number",""
"Science, Technology, Engineering and Mathematics graduates","2022","Total Persons","Albania","Number","14.9"
"Science, Technology, Engineering and Mathematics graduates","2022","Total Persons","Austria","Number","24.3"
"Science, Technology, Engineering and Mathematics graduates","2022","Total Persons","Belgium","Number","16.4"
"Science, Technology, Engineering and Mathematics graduates","2022","Total Persons","Bulgaria","Number","16.8"
"Science, Technology, Engineering and Mathematics graduates","2022","Total Persons","Croatia","Number","21.9"
"Science, Technology, Engineering and Mathematics graduates","2022","Total Persons","Cyprus","Number","11.6"
"Science, Technology, Engineering and Mathematics graduates","2022","Total Persons","Czechia","Number","15.8"
"Science, Technology, Engineering and Mathematics graduates","2022","Total Persons","Denmark","Number","25.4"
"Science, Technology, Engineering and Mathematics graduates","2022","Total Persons","Estonia","Number","18.1"
"Science, Technology, Engineering and Mathematics graduates","2022","Total Persons","EU 27 Countries (from 2020)","Number","22.3"
"Science, Technology, Engineering and Mathematics graduates","2022","Total Persons","Finland","Number","26.5"
"Science, Technology, Engineering and Mathematics graduates","2022","Total Persons","France","Number","29.9"
"Science, Technology, Engineering and Mathematics graduates","2022","Total Persons","Germany","Number","24.3"
"Science, Technology, Engineering and Mathematics graduates","2022","Total Persons","Greece","Number","21.3"
"Science, Technology, Engineering and Mathematics graduates","2022","Total Persons","Hungary","Number","13.1"
"Science, Technology, Engineering and Mathematics graduates","2022","Total Persons","Iceland","Number","16.3"
"Science, Technology, Engineering and Mathematics graduates","2022","Total Persons","Ireland","Number","40.3"
"Science, Technology, Engineering and Mathematics graduates","2022","Total Persons","Italy","Number","18.5"
"Science, Technology, Engineering and Mathematics graduates","2022","Total Persons","Latvia","Number","14.7"
"Science, Technology, Engineering and Mathematics graduates","2022","Total Persons","Liechtenstein","Number","9.1"
"Science, Technology, Engineering and Mathematics graduates","2022","Total Persons","Lithuania","Number","17.9"
"Science, Technology, Engineering and Mathematics graduates","2022","Total Persons","Luxembourg","Number","5.6"
"Science, Technology, Engineering and Mathematics graduates","2022","Total Persons","Malta","Number","11.7"
"Science, Technology, Engineering and Mathematics graduates","2022","Total Persons","Montenegro","Number",""
"Science, Technology, Engineering and Mathematics graduates","2022","Total Persons","Netherlands","Number","15.4"
"Science, Technology, Engineering and Mathematics graduates","2022","Total Persons","North Macedonia","Number","9.8"
"Science, Technology, Engineering and Mathematics graduates","2022","Total Persons","Norway","Number","18.4"
"Science, Technology, Engineering and Mathematics graduates","2022","Total Persons","Poland","Number","19.1"
"Science, Technology, Engineering and Mathematics graduates","2022","Total Persons","Portugal","Number","22.6"
"Science, Technology, Engineering and Mathematics graduates","2022","Total Persons","Romania","Number","18.6"
"Science, Technology, Engineering and Mathematics graduates","2022","Total Persons","Serbia","Number","16"
"Science, Technology, Engineering and Mathematics graduates","2022","Total Persons","Slovakia","Number","13.2"
"Science, Technology, Engineering and Mathematics graduates","2022","Total Persons","Slovenia","Number","22.4"
"Science, Technology, Engineering and Mathematics graduates","2022","Total Persons","Spain","Number","23.1"
"Science, Technology, Engineering and Mathematics graduates","2022","Total Persons","Sweden","Number","20.7"
"Science, Technology, Engineering and Mathematics graduates","2022","Total Persons","Switzerland","Number","24"
"Science, Technology, Engineering and Mathematics graduates","2022","Total Persons","Türkiye","Number","12.6"
"Science, Technology, Engineering and Mathematics graduates","2022","Total Persons","United Kingdom","Number",""
"Science, Technology, Engineering and Mathematics graduates","2022","Male","Albania","Number","16.5"
"Science, Technology, Engineering and Mathematics graduates","2022","Male","Austria","Number","34"
"Science, Technology, Engineering and Mathematics graduates","2022","Male","Belgium","Number","23.3"
"Science, Technology, Engineering and Mathematics graduates","2022","Male","Bulgaria","Number","20.9"
"Science, Technology, Engineering and Mathematics graduates","2022","Male","Croatia","Number","26.3"
"Science, Technology, Engineering and Mathematics graduates","2022","Male","Cyprus","Number","15.4"
"Science, Technology, Engineering and Mathematics graduates","2022","Male","Czechia","Number","19.5"
"Science, Technology, Engineering and Mathematics graduates","2022","Male","Denmark","Number","32.6"
"Science, Technology, Engineering and Mathematics graduates","2022","Male","Estonia","Number","20.9"
"Science, Technology, Engineering and Mathematics graduates","2022","Male","EU 27 Countries (from 2020)","Number","29"
"Science, Technology, Engineering and Mathematics graduates","2022","Male","Finland","Number","34.8"
"Science, Technology, Engineering and Mathematics graduates","2022","Male","France","Number","40"
"Science, Technology, Engineering and Mathematics graduates","2022","Male","Germany","Number","33.7"
"Science, Technology, Engineering and Mathematics graduates","2022","Male","Greece","Number","24.4"
"Science, Technology, Engineering and Mathematics graduates","2022","Male","Hungary","Number","18.2"
"Science, Technology, Engineering and Mathematics graduates","2022","Male","Iceland","Number","18.7"
"Science, Technology, Engineering and Mathematics graduates","2022","Male","Ireland","Number","51.2"
"Science, Technology, Engineering and Mathematics graduates","2022","Male","Italy","Number","21.7"
"Science, Technology, Engineering and Mathematics graduates","2022","Male","Latvia","Number","19"
"Science, Technology, Engineering and Mathematics graduates","2022","Male","Liechtenstein","Number","5.4"
"Science, Technology, Engineering and Mathematics graduates","2022","Male","Lithuania","Number","24"
"Science, Technology, Engineering and Mathematics graduates","2022","Male","Luxembourg","Number","7.6"
"Science, Technology, Engineering and Mathematics graduates","2022","Male","Malta","Number","14.9"
"Science, Technology, Engineering and Mathematics graduates","2022","Male","Montenegro","Number",""
"Science, Technology, Engineering and Mathematics graduates","2022","Male","Netherlands","Number","20.3"
"Science, Technology, Engineering and Mathematics graduates","2022","Male","North Macedonia","Number","9.9"
"Science, Technology, Engineering and Mathematics graduates","2022","Male","Norway","Number","24.7"
"Science, Technology, Engineering and Mathematics graduates","2022","Male","Poland","Number","22"
"Science, Technology, Engineering and Mathematics graduates","2022","Male","Portugal","Number","28.3"
"Science, Technology, Engineering and Mathematics graduates","2022","Male","Romania","Number","20.7"
"Science, Technology, Engineering and Mathematics graduates","2022","Male","Serbia","Number","16.7"
"Science, Technology, Engineering and Mathematics graduates","2022","Male","Slovakia","Number","17.3"
"Science, Technology, Engineering and Mathematics graduates","2022","Male","Slovenia","Number","28.3"
"Science, Technology, Engineering and Mathematics graduates","2022","Male","Spain","Number","32.6"
"Science, Technology, Engineering and Mathematics graduates","2022","Male","Sweden","Number","24.9"
"Science, Technology, Engineering and Mathematics graduates","2022","Male","Switzerland","Number","34.9"
"Science, Technology, Engineering and Mathematics graduates","2022","Male","Türkiye","Number","12.1"
"Science, Technology, Engineering and Mathematics graduates","2022","Male","United Kingdom","Number",""
"Science, Technology, Engineering and Mathematics graduates","2022","Female","Albania","Number","13.3"
"Science, Technology, Engineering and Mathematics graduates","2022","Female","Austria","Number","14.1"
"Science, Technology, Engineering and Mathematics graduates","2022","Female","Belgium","Number","9.1"
"Science, Technology, Engineering and Mathematics graduates","2022","Female","Bulgaria","Number","12.5"
"Science, Technology, Engineering and Mathematics graduates","2022","Female","Croatia","Number","17.2"
"Science, Technology, Engineering and Mathematics graduates","2022","Female","Cyprus","Number","7.7"
"Science, Technology, Engineering and Mathematics graduates","2022","Female","Czechia","Number","11.9"
"Science, Technology, Engineering and Mathematics graduates","2022","Female","Denmark","Number","17.9"
"Science, Technology, Engineering and Mathematics graduates","2022","Female","Estonia","Number","15.1"
"Science, Technology, Engineering and Mathematics graduates","2022","Female","EU 27 Countries (from 2020)","Number","15.1"
"Science, Technology, Engineering and Mathematics graduates","2022","Female","Finland","Number","17.6"
"Science, Technology, Engineering and Mathematics graduates","2022","Female","France","Number","19.7"
"Science, Technology, Engineering and Mathematics graduates","2022","Female","Germany","Number","14.1"
"Science, Technology, Engineering and Mathematics graduates","2022","Female","Greece","Number","18.1"
"Science, Technology, Engineering and Mathematics graduates","2022","Female","Hungary","Number","7.8"
"Science, Technology, Engineering and Mathematics graduates","2022","Female","Iceland","Number","13.8"
"Science, Technology, Engineering and Mathematics graduates","2022","Female","Ireland","Number","29.1"
"Science, Technology, Engineering and Mathematics graduates","2022","Female","Italy","Number","15"
"Science, Technology, Engineering and Mathematics graduates","2022","Female","Latvia","Number","10.1"
"Science, Technology, Engineering and Mathematics graduates","2022","Female","Liechtenstein","Number","12.8"
"Science, Technology, Engineering and Mathematics graduates","2022","Female","Lithuania","Number","11.5"
"Science, Technology, Engineering and Mathematics graduates","2022","Female","Luxembourg","Number","3.6"
"Science, Technology, Engineering and Mathematics graduates","2022","Female","Malta","Number","7.7"
"Science, Technology, Engineering and Mathematics graduates","2022","Female","Montenegro","Number",""
"Science, Technology, Engineering and Mathematics graduates","2022","Female","Netherlands","Number","10.4"
"Science, Technology, Engineering and Mathematics graduates","2022","Female","North Macedonia","Number","9.6"
"Science, Technology, Engineering and Mathematics graduates","2022","Female","Norway","Number","11.6"
"Science, Technology, Engineering and Mathematics graduates","2022","Female","Poland","Number","16"
"Science, Technology, Engineering and Mathematics graduates","2022","Female","Portugal","Number","16.8"
"Science, Technology, Engineering and Mathematics graduates","2022","Female","Romania","Number","16.4"
"Science, Technology, Engineering and Mathematics graduates","2022","Female","Serbia","Number","15.3"
"Science, Technology, Engineering and Mathematics graduates","2022","Female","Slovakia","Number","9"
"Science, Technology, Engineering and Mathematics graduates","2022","Female","Slovenia","Number","15.5"
"Science, Technology, Engineering and Mathematics graduates","2022","Female","Spain","Number","13"
"Science, Technology, Engineering and Mathematics graduates","2022","Female","Sweden","Number","16"
"Science, Technology, Engineering and Mathematics graduates","2022","Female","Switzerland","Number","12.4"
"Science, Technology, Engineering and Mathematics graduates","2022","Female","Türkiye","Number","13.2"
"Science, Technology, Engineering and Mathematics graduates","2022","Female","United Kingdom","Number",""
"Science, Technology, Engineering and Mathematics graduates","2023","Total Persons","Albania","Number","15.2"
"Science, Technology, Engineering and Mathematics graduates","2023","Total Persons","Austria","Number","24.6"
"Science, Technology, Engineering and Mathematics graduates","2023","Total Persons","Belgium","Number","17.2"
"Science, Technology, Engineering and Mathematics graduates","2023","Total Persons","Bulgaria","Number","16.4"
"Science, Technology, Engineering and Mathematics graduates","2023","Total Persons","Croatia","Number","22.1"
"Science, Technology, Engineering and Mathematics graduates","2023","Total Persons","Cyprus","Number","12"
"Science, Technology, Engineering and Mathematics graduates","2023","Total Persons","Czechia","Number","16.1"
"Science, Technology, Engineering and Mathematics graduates","2023","Total Persons","Denmark","Number","26.9"
"Science, Technology, Engineering and Mathematics graduates","2023","Total Persons","Estonia","Number","17.2"
"Science, Technology, Engineering and Mathematics graduates","2023","Total Persons","EU 27 Countries (from 2020)","Number","22.4"
"Science, Technology, Engineering and Mathematics graduates","2023","Total Persons","Finland","Number","28.8"
"Science, Technology, Engineering and Mathematics graduates","2023","Total Persons","France","Number","27.6"
"Science, Technology, Engineering and Mathematics graduates","2023","Total Persons","Germany","Number","24.2"
"Science, Technology, Engineering and Mathematics graduates","2023","Total Persons","Greece","Number","23.1"
"Science, Technology, Engineering and Mathematics graduates","2023","Total Persons","Hungary","Number","15.9"
"Science, Technology, Engineering and Mathematics graduates","2023","Total Persons","Iceland","Number","16.5"
"Science, Technology, Engineering and Mathematics graduates","2023","Total Persons","Ireland","Number","39.5"
"Science, Technology, Engineering and Mathematics graduates","2023","Total Persons","Italy","Number","20.1"
"Science, Technology, Engineering and Mathematics graduates","2023","Total Persons","Latvia","Number","15.6"
"Science, Technology, Engineering and Mathematics graduates","2023","Total Persons","Liechtenstein","Number",""
"Science, Technology, Engineering and Mathematics graduates","2023","Total Persons","Lithuania","Number","18.1"
"Science, Technology, Engineering and Mathematics graduates","2023","Total Persons","Luxembourg","Number","6.1"
"Science, Technology, Engineering and Mathematics graduates","2023","Total Persons","Malta","Number","10.7"
"Science, Technology, Engineering and Mathematics graduates","2023","Total Persons","Montenegro","Number","11.2"
"Science, Technology, Engineering and Mathematics graduates","2023","Total Persons","Netherlands","Number","16.1"
"Science, Technology, Engineering and Mathematics graduates","2023","Total Persons","North Macedonia","Number","9.9"
"Science, Technology, Engineering and Mathematics graduates","2023","Total Persons","Norway","Number","19.9"
"Science, Technology, Engineering and Mathematics graduates","2023","Total Persons","Poland","Number","19.5"
"Science, Technology, Engineering and Mathematics graduates","2023","Total Persons","Portugal","Number","23.4"
"Science, Technology, Engineering and Mathematics graduates","2023","Total Persons","Romania","Number","19"
"Science, Technology, Engineering and Mathematics graduates","2023","Total Persons","Serbia","Number","17.6"
"Science, Technology, Engineering and Mathematics graduates","2023","Total Persons","Slovakia","Number","13"
"Science, Technology, Engineering and Mathematics graduates","2023","Total Persons","Slovenia","Number","23.3"
"Science, Technology, Engineering and Mathematics graduates","2023","Total Persons","Spain","Number","23.5"
"Science, Technology, Engineering and Mathematics graduates","2023","Total Persons","Sweden","Number","20.5"
"Science, Technology, Engineering and Mathematics graduates","2023","Total Persons","Switzerland","Number","24.9"
"Science, Technology, Engineering and Mathematics graduates","2023","Total Persons","Türkiye","Number","12.7"
"Science, Technology, Engineering and Mathematics graduates","2023","Total Persons","United Kingdom","Number",""
"Science, Technology, Engineering and Mathematics graduates","2023","Male","Albania","Number","17"
"Science, Technology, Engineering and Mathematics graduates","2023","Male","Austria","Number","33.7"
"Science, Technology, Engineering and Mathematics graduates","2023","Male","Belgium","Number","24.1"
"Science, Technology, Engineering and Mathematics graduates","2023","Male","Bulgaria","Number","20.4"
"Science, Technology, Engineering and Mathematics graduates","2023","Male","Croatia","Number","26"
"Science, Technology, Engineering and Mathematics graduates","2023","Male","Cyprus","Number","15.2"
"Science, Technology, Engineering and Mathematics graduates","2023","Male","Czechia","Number","20.2"
"Science, Technology, Engineering and Mathematics graduates","2023","Male","Denmark","Number","34.3"
"Science, Technology, Engineering and Mathematics graduates","2023","Male","Estonia","Number","19.7"
"Science, Technology, Engineering and Mathematics graduates","2023","Male","EU 27 Countries (from 2020)","Number","29"
"Science, Technology, Engineering and Mathematics graduates","2023","Male","Finland","Number","37.3"
"Science, Technology, Engineering and Mathematics graduates","2023","Male","France","Number","35.9"
"Science, Technology, Engineering and Mathematics graduates","2023","Male","Germany","Number","33.5"
"Science, Technology, Engineering and Mathematics graduates","2023","Male","Greece","Number","26.1"
"Science, Technology, Engineering and Mathematics graduates","2023","Male","Hungary","Number","22.3"
"Science, Technology, Engineering and Mathematics graduates","2023","Male","Iceland","Number","17.9"
"Science, Technology, Engineering and Mathematics graduates","2023","Male","Ireland","Number","50.1"
"Science, Technology, Engineering and Mathematics graduates","2023","Male","Italy","Number","23.4"
"Science, Technology, Engineering and Mathematics graduates","2023","Male","Latvia","Number","20.2"
"Science, Technology, Engineering and Mathematics graduates","2023","Male","Liechtenstein","Number",""
"Science, Technology, Engineering and Mathematics graduates","2023","Male","Lithuania","Number","24.7"
"Science, Technology, Engineering and Mathematics graduates","2023","Male","Luxembourg","Number","8"
"Science, Technology, Engineering and Mathematics graduates","2023","Male","Malta","Number","12.7"
"Science, Technology, Engineering and Mathematics graduates","2023","Male","Montenegro","Number","11.8"
"Science, Technology, Engineering and Mathematics graduates","2023","Male","Netherlands","Number","20.9"
"Science, Technology, Engineering and Mathematics graduates","2023","Male","North Macedonia","Number","9.3"
"Science, Technology, Engineering and Mathematics graduates","2023","Male","Norway","Number","27"
"Science, Technology, Engineering and Mathematics graduates","2023","Male","Poland","Number","22.8"
"Science, Technology, Engineering and Mathematics graduates","2023","Male","Portugal","Number","29"
"Science, Technology, Engineering and Mathematics graduates","2023","Male","Romania","Number","21.4"
"Science, Technology, Engineering and Mathematics graduates","2023","Male","Serbia","Number","18.6"
"Science, Technology, Engineering and Mathematics graduates","2023","Male","Slovakia","Number","17"
"Science, Technology, Engineering and Mathematics graduates","2023","Male","Slovenia","Number","29.2"
"Science, Technology, Engineering and Mathematics graduates","2023","Male","Spain","Number","33.5"
"Science, Technology, Engineering and Mathematics graduates","2023","Male","Sweden","Number","24.5"
"Science, Technology, Engineering and Mathematics graduates","2023","Male","Switzerland","Number","35.7"
"Science, Technology, Engineering and Mathematics graduates","2023","Male","Türkiye","Number","16.4"
"Science, Technology, Engineering and Mathematics graduates","2023","Male","United Kingdom","Number",""
"Science, Technology, Engineering and Mathematics graduates","2023","Female","Albania","Number","13.4"
"Science, Technology, Engineering and Mathematics graduates","2023","Female","Austria","Number","15"
"Science, Technology, Engineering and Mathematics graduates","2023","Female","Belgium","Number","10"
"Science, Technology, Engineering and Mathematics graduates","2023","Female","Bulgaria","Number","12.2"
"Science, Technology, Engineering and Mathematics graduates","2023","Female","Croatia","Number","18"
"Science, Technology, Engineering and Mathematics graduates","2023","Female","Cyprus","Number","8.8"
"Science, Technology, Engineering and Mathematics graduates","2023","Female","Czechia","Number","11.8"
"Science, Technology, Engineering and Mathematics graduates","2023","Female","Denmark","Number","19.3"
"Science, Technology, Engineering and Mathematics graduates","2023","Female","Estonia","Number","14.7"
"Science, Technology, Engineering and Mathematics graduates","2023","Female","EU 27 Countries (from 2020)","Number","15.5"
"Science, Technology, Engineering and Mathematics graduates","2023","Female","Finland","Number","19.8"
"Science, Technology, Engineering and Mathematics graduates","2023","Female","France","Number","19.2"
"Science, Technology, Engineering and Mathematics graduates","2023","Female","Germany","Number","14.2"
"Science, Technology, Engineering and Mathematics graduates","2023","Female","Greece","Number","19.7"
"Science, Technology, Engineering and Mathematics graduates","2023","Female","Hungary","Number","9.1"
"Science, Technology, Engineering and Mathematics graduates","2023","Female","Iceland","Number","15"
"Science, Technology, Engineering and Mathematics graduates","2023","Female","Ireland","Number","28.7"
"Science, Technology, Engineering and Mathematics graduates","2023","Female","Italy","Number","16.5"
"Science, Technology, Engineering and Mathematics graduates","2023","Female","Latvia","Number","10.8"
"Science, Technology, Engineering and Mathematics graduates","2023","Female","Liechtenstein","Number",""
"Science, Technology, Engineering and Mathematics graduates","2023","Female","Lithuania","Number","11.2"
"Science, Technology, Engineering and Mathematics graduates","2023","Female","Luxembourg","Number","4"
"Science, Technology, Engineering and Mathematics graduates","2023","Female","Malta","Number","8.1"
"Science, Technology, Engineering and Mathematics graduates","2023","Female","Montenegro","Number","10.5"
"Science, Technology, Engineering and Mathematics graduates","2023","Female","Netherlands","Number","11.1"
"Science, Technology, Engineering and Mathematics graduates","2023","Female","North Macedonia","Number","10.5"
"Science, Technology, Engineering and Mathematics graduates","2023","Female","Norway","Number","12.4"
"Science, Technology, Engineering and Mathematics graduates","2023","Female","Poland","Number","16.1"
"Science, Technology, Engineering and Mathematics graduates","2023","Female","Portugal","Number","17.4"
"Science, Technology, Engineering and Mathematics graduates","2023","Female","Romania","Number","16.5"
"Science, Technology, Engineering and Mathematics graduates","2023","Female","Serbia","Number","16.5"
"Science, Technology, Engineering and Mathematics graduates","2023","Female","Slovakia","Number","8.9"
"Science, Technology, Engineering and Mathematics graduates","2023","Female","Slovenia","Number","16.4"
"Science, Technology, Engineering and Mathematics graduates","2023","Female","Spain","Number","13.1"
"Science, Technology, Engineering and Mathematics graduates","2023","Female","Sweden","Number","16.2"
"Science, Technology, Engineering and Mathematics graduates","2023","Female","Switzerland","Number","13.5"
"Science, Technology, Engineering and Mathematics graduates","2023","Female","Türkiye","Number","8.9"
"Science, Technology, Engineering and Mathematics graduates","2023","Female","United Kingdom","Number",""
